source,id,date,text,url,rating,country_or_subreddit,type,parent_post_id,search_queries,relevance,confidence,exclude_reason,rationale,failure_type,photo_type,memory_anchors,forgotten_anchors,retrieval_behaviors,quotes
reddit,o2jfxx6,2026-01-30T03:41:24+00:00,"No I'm saying you literally can't search anything with the word monkey haha, it says something along the lines of what you posted, at least that's what happens when I try and look for this meme of Ed Sheeran as a monkey",https://www.reddit.com/r/googlephotos/comments/1qqtkmw/,2,googlephotos,reddit_comment,1qqtkmw,search old photo,in_scope,high,,"The user is attempting to locate a specific photo (a meme of Ed Sheeran as a monkey) in Google Photos but cannot find it using the keyword ""monkey"". This indicates incomplete memory retrieval—believing the photo exists but lacking a precise query to locate it.",wrong_results,camera_photo,"[""person"", ""visual_appearance"", ""purpose_context""]",[],"[""keyword_trial_and_error""]","[""search anything with the word monkey"", ""look for this meme of Ed Sheeran as a monkey""]"
reddit,1n00w5j,2025-08-25T19:58:38+00:00,"Google photos: I used to be able to search by person or location. Now the AI is AWFUL.
It was one or two years ago?

 You could just plug in a search term like a person's name if you had them labeled, but more useful was just plug in a location. Like ""University of Michigan"" 

And it would use the data it had and return you all kinds of photos with that location area tagged by your camera or your phone. 

And I'm talking *camera*, as in way back in the early 2000s some of my photos it would pull the location from my Canon. 

Now you can't search anymore It's all only AI. 

So I tell AI ""show me photos from the University of Michigan"" and it will pull up one photo of the University of Michigan.

And I will try to talk to it like I do chat GPT. I will say something like no I ask for all of my photos from this location. And it has no clue what I'm saying whatsoever. You can't communicate with it back and forth like Chat GPT.

I mean it is complete shit. Just useless as all out. If the old system of search was a seven out of 10 it is literally a 2 out of 10. 

WHY. WHY WOULD YOU DO THAT",https://www.reddit.com/r/googlephotos/comments/1n00w5j/,138,googlephotos,reddit_post,,search old photo,in_scope,high,,"The user is trying to locate photos from a specific location (University of Michigan) that they believe exist in Google Photos but cannot retrieve them using the current AI search. They lack a precise query (e.g., exact date or album) and are seeking all photos from that location, fitting the incomplete-memory retrieval definition.",wrong_results,camera_photo,"[""place"", ""rough_time"", ""photo_type"", ""emotion""]","[""exact_date""]","[""keyword_trial_and_error"", ""search_by_place""]","[""Google photos: I used to be able to search by person or location. Now the AI is AWFUL."", ""It was one or two years ago?"", ""You could just plug in a search term like a person's name if you had them labeled, but more useful was just plug in a location. Like \""University of Michigan\"""", ""Now you can't search anymore It's all only AI."", ""So I tell AI \""show me photos from the University of Michigan\"" and it will pull up one photo of the University of Michigan."", ""I mean it is complete shit. Just useless as all out.""]"
reddit,nat56uu,2025-08-26T18:26:54+00:00,"I just noticed this recently too, using search terms that had previously brought me exactly what I was looking for no longer show the same results. I genuinely can't find things. Also struggling with backing up photos from my iphone to access google photos from my pc (I've had to restart my phone a couple of times to get it to work, wifi/data doesn't matter)",https://www.reddit.com/r/googlephotos/comments/1n00w5j/,2,googlephotos,reddit_comment,1n00w5j,search old photo,in_scope,high,,"The user reports that search terms that previously returned the desired results no longer work and they are unable to locate items in Google Photos. They are not providing a precise query (date, filename, album, or exact place) and are actively trying to find something that they believe exists in their library, fitting the incomplete‑memory retrieval definition.",wrong_results,camera_photo,"[""purpose_context"", ""emotion"", ""rough_time""]",[],"[""keyword_trial_and_error""]","[""using search terms that had previously brought me exactly what I was looking for no longer show the same results."", ""I genuinely can't find things."", ""Also struggling with backing up photos from my iphone to access google photos from my pc"", ""I've had to restart my phone a couple of times to get it to work, wifi/data doesn't matter""]"
reddit,nb48fie,2025-08-28T11:58:55+00:00,"Very annoying.
I get the privacy thing, but come on.
Watching a movie. You see an actor and can't come up with the name. NO results that make sense. 
They can't look for people ... But a movie, that is public !",https://www.reddit.com/r/googlephotos/comments/1n00w5j/,1,googlephotos,reddit_comment,1n00w5j,search old photo,in_scope,high,,The user is attempting to locate a photo of an actor in Google Photos but lacks the precise query (the actor’s name). This fits the incomplete‑memory retrieval definition.,not_indexed_not_found,unknown,"[""person"", ""event_occasion""]",[],"[""search_by_person""]","[""Watching a movie. You see an actor and can't come up with the name."", ""NO results that make sense."", ""They can't look for people ... But a movie, that is public !""]"
reddit,niomvhv,2025-10-09T23:37:30+00:00,"I take a lot of photos of plants I breed, grow, sell and share. I used to tag the important ones I wanted to immediately reference in the info box. Search no longer fucking pulls them up. I can add 'info' to a pic then immediately search for it, and photos fails to find the pic. Incredibly frustrating, as this is the best and only way to find a specific plant I am trying to share - otherwise the app just things everything looks the same. Thanks for fixing something that wasn't broken.",https://www.reddit.com/r/googlephotos/comments/1n00w5j/,1,googlephotos,reddit_comment,1n00w5j,search old photo,in_scope,high,,"The user is attempting to locate a photo using a tag ('info') but the search is not returning results. They are unable to provide a precise query such as a date, filename, album, or location, and are seeking help to retrieve the photo. This fits the definition of incomplete-memory retrieval.",not_indexed_not_found,camera_photo,"[""purpose_context"", ""emotion""]",[],"[""keyword_trial_and_error""]","[""Search no longer fucking pulls them up."", ""I can add 'info' to a pic then immediately search for it, and photos fails to find the pic."", ""Incredibly frustrating, as this is the best and only way to find a specific plant I am trying to share - otherwise the app just things everything looks the same.""]"
reddit,m7s7dnc,2025-01-18T10:41:44+00:00,"I think it's still not fixed, last week I was searching for a important document on my google photos, It was showing random results of hundreds of photos... I got frustrated by this, as I know how good it's searching feature was!!",https://www.reddit.com/r/googlephotos/comments/1fa4fg1/,1,googlephotos,reddit_comment,1fa4fg1,search old photo,in_scope,medium,,"The user is attempting to locate a document in Google Photos but cannot provide a precise query (no date, filename, album, or location). They are experiencing difficulty retrieving the item, which fits the incomplete-memory retrieval definition.",wrong_results,document,"[""purpose_context"", ""rough_time""]",[],"[""keyword_trial_and_error""]","[""last week I was searching for a important document on my google photos"", ""It was showing random results of hundreds of photos"", ""I got frustrated by this""]"
reddit,1c8fb6z,2024-04-20T02:48:02+00:00,"How do I restore an old backup?
I broke my phone screen a while ago, so until I got a new one, I have been using my mom's old phone. To access my photos, I logged in to my google photos account, expecting it to load my photos. However, when I checked google photos, I found only my most recent photos (from the past few days), and all of my mom's photos. I don't know why it did this, but now that a have a new phone, I logged in to my account, and saw the same problem. Only my recent photos were in there, along with my mom's photos. I want to restore an old backup of my google photos to get the rest of my photos back, but I can't find it in settings, and every search tells me how to restore only one photo instead of the whole backup. Does anyone have a solution for this?",https://www.reddit.com/r/googlephotos/comments/1c8fb6z/,2,googlephotos,reddit_post,,search old photo,in_scope,medium,,"The user believes an old Google Photos backup exists but cannot locate it in settings or via precise queries. They are attempting to retrieve it without a specific date, filename, or album, fitting the incomplete-memory retrieval definition.",not_indexed_not_found,unknown,"[""person"", ""event_occasion"", ""rough_time"", ""purpose_context""]",[],"[""keyword_trial_and_error""]","[""only my most recent photos (from the past few days), and all of my mom's photos."", ""I want to restore an old backup of my google photos to get the rest of my photos back"", ""every search tells me how to restore only one photo instead of the whole backup.""]"
reddit,188kee8,2023-12-01T19:37:00+00:00,"Any way to search for all photos ""Shared by a Google user""?
I have two accounts, one older and one newer. I had partner sharing setup from old -> new. In my new account, I had ""auto saved"" turned on.

I've since disconnected the old account, but all the photos remain in the new account. In the details of these photos, it says ""Shared by a Google user"" and ""Saved to your photos"".

I'd like to delete all these photos from my new account, but I can't figure out a way to isolate only the ""shared"" photos for deletion - they're all mixed in with the photos in the new account. I've tried using the search terms ""Shared by a Google user"" and ""Saved to your photos"" to no avail.

Any ideas on how I can do this, without going through each photo one by one?",https://www.reddit.com/r/googlephotos/comments/188kee8/,2,googlephotos,reddit_post,,search old photo,in_scope,high,,"The user is trying to locate a specific subset of photos in Google Photos that were shared by another user but cannot provide a precise query such as a date, album, or filename. They are seeking a method to isolate and delete these photos, which fits the definition of incomplete-memory retrieval. Extract failed; relevance kept.",,,[],[],[],[]
reddit,xenhgc,2022-09-15T04:49:03+00:00,"Keyword search function has decreased dramatically?
Example: In 2017 I searched for the words ""haunted"", ""scary"" or ""creepy"" and I would get boatloads of results from my many photos. The results were fantastic in that I had several photos of things I'd uploaded that were indeed of an unsettling nature, such as an old creepy abandoned house, or pictures of a very impressive bonfire that had creepy surroundings, or a pile of thousands of dead bees I once took a picture of. These pictures had absolutely no keyword tags or naming conventions to indicate that they should be labeled as such. They just appeared in the formerly wonderful keyword search on Google Photos.

Now, using the same keyword searches bring up nothing but screenshots that contain said keywords in text but nothing else. NOTHING else.

This really creepy rocking chair my brother found in his attic when he bought a house was always one of the top results when I searched using one of those keywords. I can still find the photo manually, but not with any keywords that formerly worked.


Am I out of the loop? Has something happened?",https://www.reddit.com/r/googlephotos/comments/xenhgc/,6,googlephotos,reddit_post,,search old photo,in_scope,high,,"The user is attempting to locate photos using keyword searches that previously returned results but now do not. They lack precise query details (date, filename, album, or location) and are trying to retrieve photos they believe exist in Google Photos. This fits the incomplete-memory retrieval definition. Extract failed; relevance kept.",,,[],[],[],[]
